﻿pos_x,pos_y,rotation,side,designator,mpn,pack,footprint,value,mount_type,place
64.125,-51.875,135.0,top,C1,,,C_0402_1005Metric,22pf 0402,smt,True
64.175,-48.0,-45.0,top,C10,,,C_0402_1005Metric,100nf 0402,smt,True
61.35,-34.925,90.0,top,C11,,,C_0402_1005Metric,100nf 0402,smt,True
64.55,-36.825,90.0,top,C12,,,C_0402_1005Metric,1uf 0402,smt,True
65.525,-36.825,90.0,top,C13,,,C_0402_1005Metric,1uf 0402,smt,True
62.35,-34.925,90.0,top,C14,,,C_0402_1005Metric,100nf 0402,smt,True
66.525,-36.82,90.0,top,C15,,,C_0402_1005Metric,100nf 0402,smt,True
67.6,-39.1,0.0,top,C16,,,C_0402_1005Metric,100nf 0402,smt,True
68.15,-43.6,-45.0,top,C17,,,C_0402_1005Metric,100nf 0402,smt,True
63.425,-48.675,-45.0,top,C18,,,C_0402_1005Metric,100nf 0402,smt,True
57.395,-38.75,180.0,top,C19,,,C_0402_1005Metric,100nf 0402,smt,True
70.8,-29.525,180.0,top,C2,,,C_0402_1005Metric,10uf 0402 6.3V,smt,True
55.75,-43.1,180.0,top,C20,,,C_0402_1005Metric,100nf 0402,smt,True
71.195,-34.7,180.0,top,C3,,,C_0402_1005Metric,10uf 0402,smt,True
59.275,-51.3,45.0,top,C4,,,C_0402_1005Metric,22pf 0402,smt,True
74.675,-29.55,0.0,top,C5,,,C_0402_1005Metric,0.1uf 0402,smt,True
74.68,-34.7,0.0,top,C6,,,C_0402_1005Metric,1uf 0402,smt,True
60.225,-33.325,90.0,top,C7,,,C_0402_1005Metric,100nf 0402,smt,True
70.125,-70.45,0.0,top,C8,,,C_0402_1005Metric,100nf 0402,smt,True
70.12,-69.45,0.0,top,C9,,,C_0402_1005Metric,4.7uf 0402,smt,True
66.6,-29.45,180.0,top,D1,,,D_SOD-123,1n5819W,smt,True
58.75,-36.1,0.0,top,FLASH1,,,SON-8-1EP_3x2mm_P0.5mm_EP1.4x1.6mm,W25Q16JVUXIQ,smt,True
48.0,-76.0,0.0,top,H1,,,MountingHole_2.2mm_M2,MountingHole_Pad,tht,False
77.0,-23.4,0.0,top,H2,,,MountingHole_2.2mm_M2,MountingHole_Pad,tht,False
48.0,-23.4,0.0,top,H3,,,MountingHole_2.2mm_M2,MountingHole_Pad,tht,False
76.9,-76.0,0.0,top,H4,,,MountingHole_2.2mm_M2,MountingHole_Pad,tht,False
48.35,-114.45,0.0,top,H5,,,MountingHole_2.2mm_M2,MountingHole_Pad,tht,False
48.35,-126.45,0.0,top,H5,,,MountingHole_2.2mm_M2,MountingHole_Pad,tht,False
76.65,-126.45,0.0,top,H6,,,MountingHole_2.2mm_M2,MountingHole_Pad,tht,False
76.65,-114.45,0.0,top,H6,,,MountingHole_2.2mm_M2,MountingHole_Pad,tht,False
76.6,-120.45,0.0,top,H7,,,MountingHole_2.2mm_M2,MountingHole_Pad,tht,False
48.35,-120.45,0.0,top,H8,,,MountingHole_2.2mm_M2,MountingHole_Pad,tht,False
54.93,-35.47,-90.0,top,J1,,,SW_Push_SPST_NO_Alps_SKRK,B3U-1000P,smt,True
62.5,-120.55,0.0,top,J10,,,JST_SUR_BM03B-SURS-TF_1x03-1MP_P0.80mm_Vertical,0.8mm BM03B,smt,True
56.15,-23.719999,180.0,top,J11,,,PinHeader_1x02_P1.27mm_Vertical,Conn_02x02 Pins,tht,True
47.8,-54.1,-90.0,top,J12,,,JST_SUR_BM03B-SURS-TF_1x03-1MP_P0.80mm_Vertical,0.8mm BM03B,smt,True
47.8,-60.6,-90.0,top,J13,,,JST_SUR_BM03B-SURS-TF_1x03-1MP_P0.80mm_Vertical,0.8mm BM03B,smt,True
62.5,-126.45,0.0,top,J14,,,JST_SUR_BM03B-SURS-TF_1x03-1MP_P0.80mm_Vertical,0.8mm BM03B,smt,True
47.8,-67.1,-90.0,top,J15,,,JST_SUR_BM03B-SURS-TF_1x03-1MP_P0.80mm_Vertical,0.8mm BM03B,smt,True
71.3,-54.35,180.0,top,J16,,,PinHeader_1x14_P1.00mm_Vertical,Conn_01x14,tht,True
66.75,-56.895001,180.0,top,J2,,,PinHeader_1x03_P1.27mm_Vertical,Conn_01x03,tht,True
66.9,-50.4,-90.0,top,J3,,,SW_Push_SPST_NO_Alps_SKRK,B3U-1000P,smt,True
56.16,-82.95,0.0,bottom,J4,,,PinSocket_1x02_P1.27mm_Vertical,Conn_02x02 Socket,tht,True
48.355,-108.43,0.0,bottom,J5,,,PinSocket_2x02_P1.27mm_Vertical,Conn_02x02 Socket,tht,True
77.88,-108.48,0.0,bottom,J6,,,PinSocket_2x02_P1.27mm_Vertical,Conn_02x02 Socket,tht,True
48.345,-49.2,180.0,top,J7,,,PinHeader_2x02_P1.27mm_Vertical,Conn_02x02 Pins,tht,True
77.87,-49.25,180.0,top,J8,,,PinHeader_2x02_P1.27mm_Vertical,Conn_02x02 Pins,tht,True
62.5,-114.45,0.0,top,J9,,,JST_SUR_BM03B-SURS-TF_1x03-1MP_P0.80mm_Vertical,0.8mm BM03B,smt,True
55.2,-70.835,0.0,top,R1,,,R_0402_1005Metric,39 ohm 0402,smt,True
64.325,-34.925,-90.0,top,R10,,,C_0402_1005Metric,27Ohms 0402 Resistor,smt,True
62.8,-50.525,-45.0,top,R2,,,R_0402_1005Metric,1K 0402,smt,True
68.025,-31.15,0.0,top,R3,,,R_0402_1005Metric,10k 0402,smt,True
54.815,-65.5,0.0,top,R4,,,R_0402_1005Metric,10K 0402,smt,True
68.05,-24.7,180.0,top,R5,,,R_0402_1005Metric,5.1K,smt,True
57.29,-33.64,90.0,top,R6,,,R_0402_1005Metric,1K 0402,smt,True
58.75,-34.1,180.0,top,R7,,,R_0402_1005Metric,10K 0402,smt,True
68.05,-23.7,180.0,top,R8,,,R_0402_1005Metric,5.1K,smt,True
63.35,-34.925,-90.0,top,R9,,,C_0402_1005Metric,27Ohms  0402 Resistor,smt,True
72.05,-102.2,0.0,top,SW1,,,MouseSwitch,Kailh GM switch,tht,True
51.6,-86.93,0.0,top,SW2,,,MouseSwitch,Kailh GM switch,tht,True
73.5,-86.93,0.0,top,SW3,,,MouseSwitch,Kailh GM switch,tht,True
56.45,-114.45,0.0,top,SW4,,,SW_SPST_B3U-1000P,B3U-1000P,smt,True
68.5,-114.45,180.0,top,SW5,,,SW_SPST_B3U-1000P,B3U-1000P,smt,True
56.45,-120.55,0.0,top,SW6,,,SW_SPST_B3U-1000P,B3U-1000P,smt,True
68.55,-120.55,180.0,top,SW7,,,SW_SPST_B3U-1000P,B3U-1000P,smt,True
56.45,-126.45,0.0,top,SW8,,,SW_SPST_B3U-1000P,B3U-1000P,smt,True
68.55,-126.45,180.0,top,SW9,,,SW_SPST_B3U-1000P,B3U-1000P,smt,True
70.725,-32.125,-90.0,top,U1,,,SOT-23-5,AP2112K-3.3,smt,True
74.2125,-32.125,-90.0,top,U2,,,SOT-23-5,TLV70218DBVR,smt,True
62.5025,-41.925,0.0,top,U3,,,RP2040-QFN-56,RP2040,smt,True
66.75,-75.025,180.0,top,U4,,,DIP-16_W10.16mm,PMW3360DM-T2QU,tht,True
55.0,-100.23,90.0,top,VR1,,,TRIM_EC10E1220501,EC10E1220501,tht,True
61.7,-52.6,-45.0,top,Y1,,,Crystal_SMD_3225-4Pin_3.2x2.5mm,3225_4P 12MHz,smt,True
62.5,-19.65,180.0,top,e1,,,HRO-TYPE-C-31-M-12,TYPE-C-31-M-12,smt,True
